COMMAND,EXPLANATION,BIKOU ^
CONVERT C:/FS:NTFS,NTFS WINDOWS 2000/XPでは、ファイルシステムをFAT32からNTFSに変換することができます。WINDOWS 98/MEではファイルシステムとしてNTFSをサポートしておらず、変換作業はできません。なお、NTFSに変換後は、ハードディスクを再フォーマットしないとFAT32に戻せなくなるので注意が必要です。また、他のアプリケーションを起動していると変換作業ができないので、作業前にすべて終了しておきましょう。●NTFSの特徴 ■大容量のファイルを扱える FAT32では1ファイルに最大4GBまでしか記録できないが、NTFSでは最大2TB（テラバイト＝1000GB）まで対応 ■読み書き速度の向上 MS-DOSとの互換性を断ち切ることによって読み書き速度が向上 ■セキュリティ機能の追加 ユーザーごとにファイルへのアクセス権を設定したり、ディスク容量を制限できる HTTP://ARENA.NIKKEIBP.CO.JP/QA/TROUBLE/20030624/105098/ , ^
C:\> START D:\,DドライブGUIの表示。START で 別のウィンドウを起動して、指定したプログラムまたはコマンドを実行
 します。, ^
[ALT]+[半角/全角]キー,日本語入力,JP[ENTER]US[ENTER] ^
VER,バージョンチェック,バージョンチェック
C:\>VER
MICROSOFT WINDOWS [VERSION 6.1.7601]^
SCANDISK,ディスクの問題解決。システムツールがあるのでわざわざプロンプトからやらなくても・・・, ^
XCOPY C:\BOOK.XLS A:,Cの直下にあるBOOK.XLSをA:にコピーする。, ^
DIR,プロンプト画面ではなくDIRLIST.TXTというファイルが作られる。WINDOWSフォルダの下に作られていた（タイトルバーを右クリックしたプロパティの作業ディレクトリに作られるらしい）追加記述させる時は、DIR>>DIRLIST.TXTとする。
C:\>DIR PROG*
 ドライブ C のボリューム ラベルは ローカル ディスク です
 ボリューム シリアル番号は 2AD0-8D01 です

 C:\ のディレクトリ

2012/03/31  16:33    <DIR>          PROGRAM FILES
2012/03/25  22:53    <DIR>          PROGRAM FILES (X86)
2012/03/10  18:23    <DIR>          PROGRAMDATA
               0 個のファイル                   0 バイト
               3 個のディレクトリ  886~,866~,481~,152 バイトの空き領域, ^
コピー&ペースト,プロンプトにおいてミス無くパスをタイプするのは難しい作業。タイトルバー→右クリック→編集、を使えばコピペはできる。, ^
ALT+ENTER,ウィンドウ表示の切り替え, ^
C:\WINDOWS DIR | MORE C:\,Ｃ：以下のファイルの画面単位表示　MOREに続けてSPACEキー, ^
C:\WINDOWS\OPTIONS\CABS\SETUP.EXE,OSの上書きインストールはこれで出来るらしい。出来るけど、バックアップはしておくに越した事は無いらしい。, ^
CD　または　CHDIR,CD と打ってTabキーで順に移動ディレクトリの候補が表示される。, ^
CD..,一つ上に移動, ^
C:\>CD"MY DOCUMENTS",空白文字を含むディレクトリへの移動, ^
C:\>CD..\..,二つ上に移動, ^
CD\,ルートへ戻る, 
COPY,"COPY D:\FORUDA\FAIRU.KAKUCHOUSHI A:でDドライブのFORUDAフォルダのFAIRUファイルをAドライブにコピーできる。MY DOCUMENTSのように空白を含むフォルダを指定する場合は、COPY ""C:\MY DOCUMENTS\FORUDA\FAIRU.KAKUCHOUSHI"" A:と言う具合にクォーテーションで囲む必要がある。", ^
DIR,ディレクトリ一覧。DIR A*⇒Aで始まるファイルの一覧
DIR C:\USERS\YAMA\PICTURES  /S \ /O-S >C:\USERS\YAMA\TREE.TXT で、指定ディレクトリ以下を再帰的にファイルを探索し(/S)、ファイルサイズの降順で(/O)[並び替え](/OS)[ファイルサイズで並び替え](/O-S)[ファイルサイズ降順で並び替え]、でデータを出力してくれる。ただし、ディレクトリ単位。ファイルパスは第一世代のサブフォルダ以下は省略されるし、加工しやすい形式ではない。, ^
/?,説明の表示。必ず用意されていると言うものではない。例）DIR /?と入力するとDIRの説明が表示される, ^
IPCONFIG,自機の環境, ^
PING ドメイン,IPアドレスが返る,PING WWW2.TBA.T-COM.NE.JP ^
PING -A IPアドレス,ドメインが返る,PING -A 218.219.54.38 ^
TRACERT IPアドレスORドメイン,パケットが経由するPCのIPアドレスが順に表示される, ^
FORMAT C:,ディスクのフォーマット, ^
DISKCOPY C: B:,Ｃの内容をＢにコピーする, ^
DATE,日付を表示または設定します。DATE [/T | 日付]　パラメータの指定がない場合は、現在の日付が表示され、新しい日付の入力を求められます。変更しない場合は、ENTER キーを押します。コマンド拡張機能を有効にすると、DATE コマンドは、/T スイッチをサポートするようになります。このスイッチを指定すると、現在の日付だけが表示され、新しい日付を入力するためのプロンプトは表示されません。, ^
CTRL+C,コマンドの実行中に強制的にプロンプトに戻る,？ ^
CTRL+P,プリンタの出力のスィチ,？ ^
CTRL+T,画面表示の一時停止,？ ^
CTRL+X,入力のキャンセル,？ ^
REGEDIT,レスストリエディタの起動, ^
MSCONFIG,システム設定のユーティリティの起動, ^
WINFILE,ファイル・マネージャシステムの起動。ファイルの削除ができる。, ^
SCANREG /FIXに続いてSCANREG /OPT,レジストリの修復,不可 ^
SCANREG /RESTORE,レジストリのバックアップの復元, ^
パスに続けて-U,アンインストール, ^
CHKDSK C:,ドライブの状態を診ることが出来る。 ドライブ文字 (文字の後にはコロンを付ける)、マウント ポイント、ボリューム名を指定します。, ^
DEL,ドライブ名、パス、ファイル名でファイルの削除, ^
ERACE,ドライブ名、パス、ファイル名でファイルの削除, ^
MKDIR　または　MD, MKDIR C:\WORK\TEXT\DOSVBOOK 新規フォルダの作成, ^
RMDIR または　RD,RMDIR C:\KARANOFORUDA　空のディレクトリの削除, ^
DELTREE,ドライブ名、パス。ツリーとファイルの一括削除。, ^
ATTRIB,属性の変換。ATTRIB 属性スィッチ(スィッチ/パラメーター参照） ドライブ名　パス/S（/Sは現行のディレクトリ以下のファイルも対象にする。, ^
スィッチ/パラメーター,引用HTTP://FORUM.NIFTY.COM/FPCU/DOSVCMD/ATTRIB.HTM#PARAM6+R、-R読み取り専用(READONLY)属性を変更します。(+Rで設定、-Rで解除)※読み取り専用属性をオンにしたファイルは、通常のアプリケーションによる書き換えや削除ができなくなります。変更、削除したくないファイルに対して指定することで、そのファイルを保護することができます。ただし複写(COPY)は可能で、複写先のファイルは初期状態では読み取り専用属性はオフです。 +A、-A保存(ARCHIVE)属性を変更します。(+Aで設定、-Aで解除)ACKUP、XCOPYなどで他のディスクやディレクトリにバックアップずみのファイルは、この属性がオフになります。一度もバックアップされていないか、バックアップ後に内容が変更された（たとえばエディタ等で書き換えられた）ファイルは、自動的に保存属性がオンになります。BACKUP、XCOPYなどはこれを利用して、バックアップされていないファイルだけを複写する機能を持っています。 +S、-Sシステムファイル(SYSTEM)属性を変更します。(+Sで設定、-Sで解除)※システムの起動や運用に必須の重要なファイルを保護するために使われる属性です。この属性が設定されたファイルは読み取り専性を持ったファイルと同様、書き換えや削除ができなくなります。 +H、-H 隠し(HIDDEN)属性を変更します。(+Hで設定、-Hで解除)します※この属性が設定されたファイルは書き換え、削除ができなくなるほか、通常のDIR コマンドなどでは表示されなくなります。 [ドライブ:][パス]ファイル名変更、または現在の属性を表示するファイルの名前を指定します。※ワイルドカードも使用可能です。　+R、+A、+S、+H、-R、-A、-S、-Hのいずれも指定しなかった場合には、該当するファイルの現在の属性を表示します。 /S 現行ディレクトリー以下のサブディレクトリ内のファイルも処理の対象にします。 , ^
COMMAND.COM,WIN98DOSの起動。, ^
CMD,コマンドプロンプトの起動。プロンプトの中でCMDコマンドを実行すると再帰的にコマンドプロンプトが実行される。プロンプトには実行ファイル名を指定するので（？）、スクリプトからコマンドプロンプトのコマンドを実行させる場合には、"CMD /C DIR /S " & "D:\*.*" という文字列をWSHSHELLオブジェクトのEXECメソッドに渡さないと「ファイルが見つかりません」というエラーになる。, ^
TELNET ホスト名　ポート番号,テルネットの起動；接続の終了は：QUITE, ^
IPCONFIG/ALL,詳細なアドレス情報, ^
DIR /X,NTFSのOSに対してのみ、8.3形式のファイル名の表示, ^
ROUTE PRINT,ネットワーク障害解決の一助になるらしい。見方は不明, ^
NETSTAT -A,自機がコネクションを持っている相手の表示。見方は不明, ^
IPCONFIG -ALL,XP/2000/NT4.0, ^
IPCONFIG -ALL | MORE MOREに続けてSPACEキー,NT4.0, ^
SFC [/SCANNOW] [/SCANONCE] [/SCANBOOT] [/REVERT] [/PURGECACHE] [/CACHESIZE=X] [/QUIET],保護されたシステム ファイルをスキャンし、間違ったバージョンを正しい MICROSOFT のバージョンで置き換えます。, ^
SFC /SCANNOW,すべての保護されたシステム ファイルを今すぐ実行します。, ^
SFC /SCANONCE,すべての保護されたシステム ファイルのスキャンを次回の起動時に一度に実行します。, ^
SFC /SCANBOOT,毎回のブート時にすべての保護されたシステム ファイルのスキャンを実行します。, ^
SFC /REVERT,スキャンを既定の設定に戻します。, ^
SFC /PURGECACHE,ファイル キャッシュを削除して、今すぐすべての保護されたシステムファイルを実行します。, ^
SFC /CACHESIZE=X,ファイル キャッシュのサイズを設定します。, ^
EXIT [/B] [終了コード],CMD.EXE プログラム (コマンド インタープリタ) またはバッチ スクリプトを終了します。, ^
EXIT /B,CMD.EXE ではなく、現在のバッチ スクリプトを終了するように指定します。バッチ スクリプトの外から実行された場合、CMD.EXE を終了させます。, ^
EXIT /終了コード,終了コード  数値を指定します。/B が指定されている場合、ERRORLEVEL にその数値を設定します。CMD.EXE 終了をする場合、プロセス終了コードにその数値を設定します。, ^
FDISK [/STATUS] /X,MS-DOS で使うためのハードディスクを設定します., ^
FDISK /STATUS,パーティション情報を表示します., ^
FDISK /X,拡張ディスクアクセスサポートを無効にします. ディスクアクセスエラーまたはスタックオーバーフローが表示されたときに使用してください。, ^
A:,ドライブ名を入力すると切り替える事が出来る, ^
CLS,画面のクリア, ^
COLOR,背景前景色,COLOR FC  ^
REN,RENAME,>REN C:\マクロ2.DOC MACRO2.DOC ^
NSLOOKUP,NAME SERVER LOOK UP ドメインとIPアドレスが変換できているか確認.ローカルのHOSTS ファイルの中身を反映する,NSLOOKUP YAHOO.CO.JP ^
TITLE,コマンド プロンプト ウィンドウのウィンドウ タイトルを設定します。TITLE [文字列]  文字列       コマンド プロンプト ウィンドウのタイトルを指定します。, ^
DIR /O:D,/OはDIRのオプション。:Dは/Oのオプション。この記述はファイル名を日付降順で表示する。, ^
CHKDSK,ディスクをチェックし、現在の状態を表示します。 
CHKDSK [ボリューム[[パス]ファイル名]]] [/F] [/V] [/R] [/X] [/I] [/C] [/L[:サイズ]], , ^
CHKDSK /F,ディスクのエラーを修復します。, ^
CHKDSK /V,FAT/FAT32:ディスクの全ファイルの完全なパスと名前を表示します。NTFS: クリーン アップ メッセージがあればそれも表示します。, ^
CHKDSK /L, NTFS のみ: ログ ファイル サイズを指定された KB 数に変更します。サイズが指定されていないときは、現在のサイズを表示します。, ^
CHKDSK /X,必要であれば、最初にボリュームを強制的にマウントを解除します。ボリュームへ開かれているすべてのハンドルは、無効になります。, ^
CHKDSK /I,NTFS のみ: インデックス エントリのチェックを抑制して実施します。/I または /C スイッチは、ボリュームのあるチェックをスキップして、CHKDSK の実行時間を短くします。/I または /C スイッチは、ボリュームのあるチェックをスキップして、CHKDSK の実行時間を短くします。, ^
CHKDSK /C, NTFS のみ; フォルダ構造内の周期的なチェックをスキップ します。/I または /C スイッチは、ボリュームのあるチェックをスキップして、CHKDSK の実行時間を短くします。, ^
［CONTROL－←］,語単位でカーソルを右へ移動, ^
［CONTROL－→］,語単位でカーソルを左へ移動, ^
［CONTROL－HOME］,行の先頭からカーソル位置までを削除, ^
［CONTROL－END］,カーソル位置から行末までを削除, ^
［F1］,［→］キーと同じ, ^
［F2］,指定した文字（［F2］キーに続いて入力する）の直前までコピー, ^
［F3］,直前の行をすべてコピーして、カーソルを行末へ移動, ^
［F4］,カーソル位置から指定した文字（［F4］キーに続いて入力する）の直前までを削除, ^
［F5］,［↑］キーと同じ, ^
［F6］,EOF（CONTROL-Z）を入力, ^
［F7］,コマンド履歴ウィンドウをポップアップ表示する。［↑］、［↓］キーでコマンド履歴を選択して、［←］、［→］キーを押すとそのコマンドが入力され、リターン キーを押すとそのコマンドが入力、実行される, ^
［F8］,コマンド履歴からカーソルの左側部分に一致するものを選び、順番に表示する。カーソルが行の先頭にあるときは、全コマンド履歴を順番に表示, ^
［F9］,指定した履歴番号のコマンドを入力。番号を入力してからリターン キーを押すとコマンドが入力される, ^
CMD /E:ON,コマンド拡張機能を有効にします, ^
CMD /E:OFF,コマンド拡張機能を無効にします, ^
CMD /F:ON,ファイル名およびディレクトリ名補完文字を有効にします, ^
CMD /F:OFF,ファイルおよびディレクトリ名補完文字を無効にします, ^
CMD /V:ON,区切り文字として ! を使って遅延環境変数の展開を有効にします。, ^
［ALT－SPACE（システム メニュー）］－［E（編集）］－［K（範囲指定）］,システムメニューの表示＞範囲選択＞選択した後リターンキーでクリップボードにコピーされる, ^
［ALT－SPACE（システム メニュー）］－［E（編集）］－［P（貼り付け）］,クリップボードから貼り付け。他エクスプローラでフォルダやファイルをドラッグして、コマンド プロンプト ウィンドウにドロップするとコマンドライン上にパス名が展開、入力される。, ^
SET,CMD.EXE 環境変数を表示、設定、または削除します。SET [変数名=[文字列]]  変数名   環境変数名を指定します。  文字列   変に割り当てる文字列を指定します。, ^
C:\>SET PATHEXT,拡張子を省略して入力した時の実行される優先順を表示する。PATHEXTは環境変数　例）：　PATHEXT=.COM;.EXE;.BAT;.CMD;.VBS;.VBE;.JS;.JSE;.WSF;.WSH, ^
DFRG.MSC,XＰデフラグツールの起動, ^
IPCONFIG　/RELEASE,IPアドレスの解放, ^
ARP,IPから物理アドレスへのアドレス解決プロトコル(ARP)によって使用される変換テーブルを、表示して、変更します。,ARP -A; ARP（ADDRESS RESOLUTION PROTOCOL）というIPアドレスから対応するMACアドレスを調べるプロトコル ^
GETMAC, このコマンドライン ツールを使って、管理者がシステム上の 1 つ以上のアダプタ の MAC アドレスを表示することができます。,XP以降のみ使用可 ^
IPCONFIG /FLUSHDNS,キャッシュのクリア, ^
NET SHARE,共有ディレクトリ名・共有ディレクトリパスを表示, ^
NET USER,ユーザアカウントの一覧を表示, ^
NET FILE,ネットワーク越しに使用中のファイル一覧を表示する, ^
NET VIEW,ネットワーク上コンピュータ名を一覧する, ^
NET SESSION,クライアントの一覧情報, ^
IF文,IF EXIST C:\FILE1.TXT COPY C:\FILE1.TXT C:\BACKUP,TEST.BAT　としてダブルクリックすると実行される。「もしC:\FILE1.TXTがあるならC:\BACKUPとしてコピーせよ」 ^
REM,REMARK 注目、注釈, ^
ECHO,メッセージの表示　ECHO メッセージです! 　ECHO [ON|OFF]コマンドプロンプトの 表示するメッセージをオンしたりオフしたり, ^
ECHO %USERNAME%,ユーザー名の表示, ^
FSUTIL FILE CREATENEW,C:\DOCUMENTS AND SETTINGS\やま>FSUTIL FILE CREATENEW TESTFILE2.TXT 200000000000 →　エラー:  ディスクに十分な空き領域がありません。指定したサイズのファイルを一発で作成する（ディスク空き容量、ファイルシステムの制限は当然受ける。作成されるファイルの中身は、すべてゼロで埋められる。16進数でいうと、0X00というバイト・データばかりが詰まったファイルとなる。ほかの値を指定することはできない。, ^
AT,タスクを登録する：
C:\>AT 1 /DELETE 
C:\>AT 0:00 /EVERY:M~,S 
C:\TEST.BAT 
新しいジョブをジョブ ID = 1 で追加しました。 
C:\>AT 状態 ID 日付              時刻         
コマンド ライン
-------------------
1   毎 月曜日 土曜日        0:00          :
\TEST.BAT
,ADMIN権限が無いと使えな ^
CLIPBRD,クリップボードビューアの起動, ^
REGSVR32,REGSVR32 とはCOMコンポーネントをシステムに登録するために使う、WINDOWS付属のコンソールプログラムです。 コンソールプログラムなのでコマンドプロンプトなどで実行します。, ^
SET PATH=%PATH%;C:\WINDOWS\MICROSOFT.NET\FRAMEWORK\V2.0.50727,環境変数PATHにディレクトリを追加する書き方。環境変数のPATHに登録されていないディレクトリにあるファイルはコマンドプロンプトから実行することが出来ない。プロンプトを閉じてしまうと変数は設定前に戻ってしまうので、永続的な設定はコントロールパネル＞システム＞環境変数で設定する（XP|2000), ^
SET /A,式の計算　　>SET /A 1+1　　2　, ^
REGASM,アセンブリ登録ツールは、1 つのアセンブリに含まれるメタデータを読み込み、必要なエントリをレジストリに追加します。これにより、COM クライアントによって .NET FRAMEWORK クラスが自動的に作成されます。クラスが登録されると、どの COM クライアントでも、そのクラスを COM クラスであるかのように使用できます。クラスの登録は、アセンブリのインストール時に 1 回だけ行われます。実際に登録されるまでは、アセンブリに含まれるクラスのインスタンスを COM から作成することはできません。REGASM ASSEMBLYFILE [OPTIONS], ^
%変数名%,環境変数の値そのもの, ^
%変数名:置換前=置換後%,環境変数の値の中で、置換前の文字列にマッチする部分を全て置換後の文字列に置き換える。, ^
%変数名:~位置,長さ%,環境変数の値の一部（副文字列）。
位置は0から始まる。また、全角文字も1文字として扱われる。, , ^
!変数名!,環境変数の値そのもの。（遅延環境変数を有効にした（コマンドプロンプトの起動時に「/V:ON」を指定した）場合のみ使用可能）, ^
%PATH%,"環境変数：実行コマンドが存在するディレクトリ群を保持している。 
コマンドが実行される時は、ここで指定されているディレクトリにコマンドファイルを探しに行く。, , ^
%CD%,環境変数：カレントディレクトリ, ^
%DATE%,環境変数：現在日付。DATEコマンド相当。, ^
%TIME%,環境変数：現在時刻。TIMEコマンド相当。（CS(センチ秒)（＝1/100秒）まで表示する）, ^
%RANDOM%,環境変数：乱数（0～32767）, ^
%ERRORLEVEL%,環境変数：コマンドの終了コード（エラーコード）。 
IF文にはこれを判断する演算子が用意されている, , ^
%CMDCMDLINE%,環境変数：コマンドプロンプト起動時のコマンドラインの内容。拡張機能の確認に使える。, ^
%PATHEXT%,環境変数：拡張子を省略して実行できるファイルの種類を指定する, ^
%USERNAME%,環境変数：ログオンしているユーザーID, ^
%COMPUTERNAME%,環境変数： マシンのコンピューター名, ^
%HOMEDRIVE%,環境変数： ユーザーのホームドライブ, ^
%HOMEPATH%,環境変数：ユーザーのホームディレクトリ, ^
WINCV,CLASS VIEWERの起動：WINDOWS フォーム クラス ビューアは、.NET FRAMEWORK SDK VERSION 1.0 および 1.1 にのみ付属しています。, ^
C:\WINDOWS\SYSTEM32>HELP,コマンド一覧と説明の表示, ^
C:\WINDOWS\SYSTEM32>HELP CMD,"外部からコマンドプロンプトを起動する際のスイッチの表示と説明。エクセルのSHELL関数でSHELL ""CMD.EXE /K DIR""　などと書く際のスイッチ[/K]の説明はここにある。", ^
DEFRAG,DEFRAG C: -A でデフラグ分析のみ実行, ^
TYPE,テキスト ファイルまたはファイルの内容を表示します。
C:\>TYPE C:\USER.JS
USER_PREF("EXTENSIONS.BABYLONTOOLBAR_I.BABTRACK"~, "TT=010312_CTRL");
USER_PREF("EXTENSIONS.BABYLONTOOLBAR_I.BABEXT"~, "");
USER_PREF("EXTENSIONS.BABYLONTOOLBAR_I.SRCEXT"~, "DEF");
USER_PREF("EXTENSIONS.BABYLONTOOLBAR_I.INSTLREF"~, "STD");,TYPE  [ドライブ:][パス]ファイル名,テキストファイルの指定でコンソール上にファイル内容を開く^
SYSTEMINFO,WINSERVER2003|XP システムに関する情報が列挙される。システムディレクトリがどこなのか、コントロールパネルの環境変数をみても判らなかったので、このコマンドに行きついた。, ^
TREE,フォルダ、ファイルをツリー表示する,CD C:\TEST\TREE C:\TEST /F >C:\USERS\YAMA\DESKTOP\TREE.TXT
カレントディレクトリに移動してから実行しないと、ファイルを認識してくれない。
TREE C:\TEST /F >TREE.TXT　
パスを指定しない出力はカレントディレクトリに出力される ^
DXDIAG,DIRECTX 診断ツールの起動 PCの型番というのは、この画面のシステムタブにあるシステムモデルの事。32BIT版PCはX86、64BIT版はX64と表記される。
グラフィックの性能は、ディスプレイタブの「チップの種類」に依存する。PCのスペックを調べる, ^
CHCP,[コード ページ番号]を設定または表示する。CODEPAGE を設定するとは、例えばSHIFT_JISは、CODEPAGE : 932。
コマンドプロンプトでの入力に使用する文字コードをSHIFT_JISからUTF-8に変更する場合、
CHCP 65001 と入力する。DEFAULTは932。単に CHCP と入力すると現在のコードページ番号を返す。
実際に使用する可能性が感じられるのはUTF-8だが、コマンドプロンプトで日本語のFONT指定が用意されていない為、(WIN7現在)
日本語環境では使う場面はないと思われる。他言語のコードページ番号でMSのページにあった物を以下に記す。
CHARSET NAME       CHARSET VALUE(HEX)  CODEPAGE NUMBER
------------------------------------------------------

DEFAULT_CHARSET           1 (X01)
SYMBOL_CHARSET            2 (X02)
OEM_CHARSET             255 (XFF)
ANSI_CHARSET              0 (X00)            1252
RUSSIAN_CHARSET         204 (XCC)            1251
EE_CHARSET              238 (XEE)            1250
GREEK_CHARSET           161 (XA1)            1253
TURKISH_CHARSET         162 (XA2)            1254
BALTIC_CHARSET          186 (XBA)            1257
HEBREW_CHARSET          177 (XB1)            1255
ARABIC _CHARSET         178 (XB2)            1256
SHIFTJIS_CHARSET        128 (X80)             932
HANGEUL_CHARSET         129 (X81)             949
GB2313_CHARSET          134 (X86)             936
CHINESEBIG5_CHARSET     136 (X88)             950

437      IBM437        OEM United States
932      shift_jis     ANSI/OEM Japanese; Japanese (Shift-JIS)
1200     utf-16        Unicode UTF-16~, little endian byte order (BMP of ISO 10646);
                       available only to managed applications
20127    us-ascii      US-ASCII (7-bit)
20932    EUC-JP        Japanese (JIS 0208-1990 and 0121-1990)
50220    iso-2022-jp   ISO 2022 Japanese with no halfwidth Katakana;
                       Japanese (JIS)
50222    iso-2022-jp   ISO 2022 Japanese JIS X 0201-1989;
                       Japanese (JIS-Allow 1 byte Kana - SO/SI)
51932    euc-jp        EUC Japanese
65001    utf-8         Unicode (UTF-8),chcp 65001 ← utf-8 へ変換する記法^
[TAB], 	カレントディレクトリにあるファイルを（次々に）補完する。ワイルドカードを使っていた場合、それに合致するものだけが補完対象になる。
（オートコンプリートが機能していない場合は、ただ単にタブ文字が入力される）

SHIFT+TABで、補完対象ファイルの現れる順序が逆になる。,^
[ESC],現在のコマンドを消去する。,,^
[F3],直前のコマンドの、現在のカーソル位置から後ろ全てが補填される。,^
CTRL+C,現在実行中の処理（バッチ処理等）を中断（強制終了）する。UNIXのCTRL+Cに相当。,^
CTRL+H,BSキーと同じ。,^
CTRL+I,TABキーと同じ。,^
CTRL+M,ENTERキーと同じ。,^
CTRL+Z,EOF（END OF FILE：ファイルの終わり。文字コード0X1A）。UNIXのCTRL+Dに相当。,^
C:\USERS\YAMA>WSCRIPT.EXE /?, WINDOWS SCRIPT HOSTの使い方表示,^
C:\USERS\YAMA>CSCRIPT.EXE /?, WINDOWS SCRIPT HOSTの使い方表示,^
FC TEST1.TXT TEST2.TXT, FC はFILE COMPARE ファイルの内容が同じかどうかを判定する
C:\USERS\YAMA\DESKTOP>FC DB1.MDB DB2.MDB
ファイル DB1.MDB と DB2.MDB を比較しています
FC: 相違点は検出されませんでした,^
FIND,FIND "検索文字列" [パス]ファイル名
検索した文字列を含む行を出力する。,^
>,リダイレクト。C:\>TREE /F > HOGE.TXT で出力先が指定したファイルになる。,^
>>,リダイレクト。C:\>TREE /F >> HOGE.TXT で出力が指定したファイルに追記される。,^
|,パイプ。コマンドとコマンドを繋いで実行。
TYPE HOGE.TXT | FIND "FUSHU"" で、FUSHUを含む行だけをHOGE.TXTから出力する,^
@,@マークはプロンプトにコマンドそのものを表示しないとする命令.バッチジョブ CMDRun.bat
----------------------
@ CMD /K
----------------------
を実行するとbatファイルを置いたディレクトリがカレントディレクトリとしてプロンプトが開かれる。
@マークを付けないとCMD /K を実行した行が表示されてしまう。
